Keyword,Search Intent,Mapped Tool,Difficulty,Priority
free faceless youtube shorts script generator,Tool-seeking,Unmapped / Research,Low,Park
how to write a 60 second viral video script with ai,Informational,Unmapped / Research,Medium,Park
ai vertical video script writer no sign up,Informational,Unmapped / Research,Medium,Park
tiktok shorts script generator free online,Tool-seeking,Unmapped / Research,Low,Park
best free script writer for talking head shorts,Commercial research,Unmapped / Research,Low,Park
automated script generator for lifestyle shorts,Tool-seeking,Unmapped / Research,Low,Park
viral short form video hooks generator free,Tool-seeking,short-form-hook-analyzer,Low,High
how to auto generate shorts scripts for gaming,Informational,Unmapped / Research,Low,Park
free tool to write 30 second product promo scripts,Tool-seeking,Unmapped / Research,Low,Park
ai story script writer for vertical reels,Informational,Unmapped / Research,Medium,Park
motivational shorts script maker ai,Informational,Unmapped / Research,Medium,Park
text to vertical video script converter online,Tool-seeking,Unmapped / Research,Low,Park
free tools for bulk generating shorts scripts,Tool-seeking,Unmapped / Research,Low,Park
ai script writer for 9:16 aspect ratio videos,Informational,resolution-checker,Medium,Medium
quickest way to script a youtube short with ai,Informational,Unmapped / Research,Medium,Park
free ai tool for retention based video scripting,Tool-seeking,Unmapped / Research,Low,Park
how to write short form curiosity hooks with ai,Informational,short-form-hook-analyzer,Medium,High
automated script tool for history shorts channels,Tool-seeking,Unmapped / Research,Low,Park
best automated vertical script creator for beginners,Commercial research,Unmapped / Research,Medium,Park
free tool for rewriting long blogs into short scripts,Tool-seeking,Unmapped / Research,Low,Park
free multi chapter youtube video outline generator,Tool-seeking,Unmapped / Research,Low,Park
how to outline a 10 minute documentary video with ai,Informational,Unmapped / Research,Medium,Park
ai video script structure builder free,Tool-seeking,Unmapped / Research,Low,Park
best tool to map out talking head video topics,Commercial research,Unmapped / Research,Medium,Park
free tutorial video sequence planner online,Tool-seeking,Unmapped / Research,Low,Park
how to design an engaging corporate video outline,Informational,Unmapped / Research,Low,Park
ai tool for pacing educational video frameworks,Tool-seeking,Unmapped / Research,Medium,Park
free storyboard text outline generator for creators,Tool-seeking,Unmapped / Research,Low,Park
how to structure a high retention video essay,Informational,Unmapped / Research,Low,Park
automated product review video breakdown tool,Tool-seeking,Unmapped / Research,Low,Park
free essay to video outline converter,Tool-seeking,Unmapped / Research,Low,Park
best way to structure a 3 part video hook storyline,Informational,Unmapped / Research,Medium,Park
ai outline tool for visual case study videos,Tool-seeking,Unmapped / Research,Medium,Park
free cinematic video script organizer online,Tool-seeking,Unmapped / Research,Low,Park
how to organize b-roll cues in a video outline,Informational,Unmapped / Research,Low,Park
automated script outline generator for vloggers,Tool-seeking,Unmapped / Research,Low,Park
free video narrative flow builder tool,Tool-seeking,Unmapped / Research,Low,Park
ai outline generator for masterclass videos,Tool-seeking,Unmapped / Research,Low,Park
how to template a competitive review video,Informational,Unmapped / Research,Low,Park
free online tool for dividing videos into timestamp chapters,Tool-seeking,youtube-description-formatter,Low,High
free bash terminal script writer for tech videos,Tool-seeking,Unmapped / Research,Low,Park
how to generate terminal command scripts with ai,Informational,Unmapped / Research,Medium,Park
ai command line script builder for coding tutorials,Informational,Unmapped / Research,Medium,Park
free automated shell script writer for videos,Tool-seeking,Unmapped / Research,Low,Park
best tool to generate copy paste terminal commands,Commercial research,Unmapped / Research,Medium,Park
ai developer screen recording script generator free,Tool-seeking,Unmapped / Research,Low,Park
how to write code demonstration voiceovers with ai,Informational,Unmapped / Research,Medium,Park
free terminal command flow planner for tech creators,Tool-seeking,Unmapped / Research,Low,Park
automated linux terminal script helper for videos,Informational,Unmapped / Research,Low,Park
ai windows powershell script generator for tutorials,Tool-seeking,Unmapped / Research,Low,Park
free coding walkthrough script formatter online,Tool-seeking,Unmapped / Research,Low,Park
how to organize dev tutorial scripts step by step,Informational,Unmapped / Research,Low,Park
ai code snippet commentary generator free,Tool-seeking,Unmapped / Research,Low,Park
best free terminal script layout for software videos,Commercial research,Unmapped / Research,Low,Park
automated technical voiceover script writer for github tools,Tool-seeking,Unmapped / Research,Low,Park
free tool to turn terminal logs into video scripts,Tool-seeking,Unmapped / Research,Low,Park
how to script an api tutorial video using ai,Informational,Unmapped / Research,Medium,Park
ai script writer for step by step server setup videos,Informational,Unmapped / Research,Medium,Park
free automation terminal command builder for creators,Tool-seeking,Unmapped / Research,Low,Park
best way to write scripts for cybersecurity tutorials,Informational,Unmapped / Research,Medium,Park
free tool to turn text testimonials into video scripts,Tool-seeking,Unmapped / Research,Low,Park
how to write a customer review case study script,Informational,Unmapped / Research,Low,Park
ai social proof video copy generator free,Tool-seeking,Unmapped / Research,Low,Park
best free tool for structuring trust badge video scripts,Commercial research,Unmapped / Research,Low,Park
automated product recommendation video script builder,Informational,free-nda-generator,Low,Medium
free tool for generating user generated content (ugc) scripts,Tool-seeking,Unmapped / Research,Low,Park
how to outline a digital product success story video,Informational,Unmapped / Research,Low,Park
ai testimonial video pacing tool online,Tool-seeking,Unmapped / Research,Low,Park
free framework for script writing customer results videos,Tool-seeking,Unmapped / Research,Low,Park
how to script a before and after video showcase,Informational,Unmapped / Research,Low,Park
ai sales page social proof script generator,Tool-seeking,Unmapped / Research,Low,Park
free template for software review video scripts,Tool-seeking,Unmapped / Research,Low,Park
how to turn gumroad reviews into short video hooks,Informational,short-form-hook-analyzer,Medium,High
best tool to write trust building video scripts for free,Commercial research,Unmapped / Research,Low,Park
ai transformation script outline tool for creators,Tool-seeking,Unmapped / Research,Medium,Park
free digital product social proof script builder,Tool-seeking,Unmapped / Research,Low,Park
how to script client transformation stories with ai,Informational,Unmapped / Research,Medium,Park
automated framework for handling objections in video scripts,Informational,Unmapped / Research,Low,Park
free online video hook generator for social proof,Tool-seeking,short-form-hook-analyzer,Low,High
best script layout for sharing revenue screenshots on shorts,Commercial research,Unmapped / Research,Medium,Park
free minimalist browser teleprompter tool online,Tool-seeking,teleprompter,Low,High
how to use an online tab prompter for recording,Informational,teleprompter,Low,High
free screen recorder friendly teleprompter layout,Tool-seeking,teleprompter,Low,High
best hidden browser tab prompter for zoom videos,Commercial research,teleprompter,Medium,Medium
free text scrolling tool for multi monitoring setup,Tool-seeking,teleprompter,Low,High
how to auto scroll a video script in another tab,Informational,Unmapped / Research,Low,Park
free lightweight teleprompter for loom recordings,Tool-seeking,teleprompter,Low,High
best transparent browser tab prompter for creators,Commercial research,teleprompter,Medium,Medium
free customizable font scrolling prompter online,Tool-seeking,Unmapped / Research,Low,Park
how to read script while looking directly at camera free tool,Informational,Unmapped / Research,Low,Park
ai compatible browser text scroller for video makers,Informational,Unmapped / Research,Medium,Park
free tab prompter no download required,Tool-seeking,teleprompter,Low,High
how to build a custom scrolling text page for recording,Informational,Unmapped / Research,Low,Park
free minimal desktop teleprompter tab alternative,Commercial research,teleprompter,Low,High
best browser prompter for recording faceless slideshows,Commercial research,Unmapped / Research,Medium,Park
free text overlay scroller for live stream video script,Tool-seeking,Unmapped / Research,Low,Park
how to manage video pacing with an online text scroller,Informational,Unmapped / Research,Low,Park
free chrome tab prompter for youtube videos,Tool-seeking,teleprompter,Low,High
best simple auto scroller for voiceover recording,Commercial research,Unmapped / Research,Medium,Park
free online prompter with custom speed adjustment,Tool-seeking,teleprompter,Low,High
free analog neon text generator for video editing,Tool-seeking,Unmapped / Research,Low,Park
how to make a glowing neon title for shorts online,Informational,Unmapped / Research,Low,Park
cyberpunk neon text effect generator free no sign up,Tool-seeking,Unmapped / Research,Low,Park
best free tool for retro synthwave text overlays,Commercial research,Unmapped / Research,Low,Park
lofi aesthetic neon sign font generator online,Tool-seeking,Unmapped / Research,Low,Park
how to create flickering neon text for vertical videos,Informational,Unmapped / Research,Low,Park
free 80s analog neon logo maker for youtube,Tool-seeking,Unmapped / Research,Low,Park
glow effect neon subtitle generator free,Tool-seeking,Unmapped / Research,Low,Park
how to design neon title cards for faceless channels,Informational,Unmapped / Research,Low,Park
vintage neon tube text generator online,Tool-seeking,Unmapped / Research,Low,Park
free animated neon sign builder for stream overlays,Tool-seeking,Unmapped / Research,Low,Park
best minimalist neon text style tool for creators,Commercial research,Unmapped / Research,Medium,Park
how to make a glowing neon badge graphic free,Informational,Unmapped / Research,Low,Park
dark mode aesthetic neon title creator online,Tool-seeking,Unmapped / Research,Low,Park
free pink and blue neon font generator for video,Tool-seeking,Unmapped / Research,Low,Park
retro neon typography generator for tiktok,Tool-seeking,Unmapped / Research,Low,Park
how to do neon text glow without after effects,Informational,Unmapped / Research,Low,Park
free web based glowing light text editor,Tool-seeking,Unmapped / Research,Low,Park
best glowing neon countdown text generator free,Commercial research,Unmapped / Research,Low,Park
easy neon text generator transparent background,Tool-seeking,Unmapped / Research,Low,Park
free vertical video thumbnail preview tool,Tool-seeking,Unmapped / Research,Low,Park
how to test youtube short thumbnail layout online,Informational,youtube-shorts-safe-zone,Medium,High
tiktok feed thumbnail preview mockup tool free,Tool-seeking,Unmapped / Research,Medium,Park
best free online tool to check thumbnail text safe zones,Commercial research,thumbnail-text-checker,Low,High
instagram reels grid thumbnail checker tool,Tool-seeking,Unmapped / Research,Medium,Park
how to preview a youtube thumbnail on desktop and mobile,Informational,Unmapped / Research,Medium,Park
free side by side youtube thumbnail comparison tool,Tool-seeking,Unmapped / Research,Medium,Park
automated thumbnail feed simulator online free,Tool-seeking,Unmapped / Research,Low,Park
how to check if thumbnail font is readable on phone screen,Informational,thumbnail-text-checker,Medium,High
free gumroad product thumbnail preview mockup,Tool-seeking,gumroad-profit-calculator,Medium,High
best online layout tester for short form video covers,Commercial research,Unmapped / Research,Low,Park
free thumbnail visual tester for dark mode feeds,Tool-seeking,Unmapped / Research,Low,Park
how to preview clickable video thumbnails before uploading,Informational,Unmapped / Research,Medium,Park
free multi platform video thumbnail mockup generator,Tool-seeking,Unmapped / Research,Low,Park
check thumbnail composition tool online no signup,Tool-seeking,Unmapped / Research,Low,Park
free test site to upload and preview video covers,Tool-seeking,Unmapped / Research,Low,Park
how to optimize vertical thumbnail framing with ai tools,Informational,Unmapped / Research,Medium,Park
best free visual tool for testing youtube click through rate design,Commercial research,Unmapped / Research,Medium,Park
online thumbnail overlay checker for mobile ui elements,Tool-seeking,Unmapped / Research,Low,Park
free tool to simulate competitor thumbnail feeds,Tool-seeking,Unmapped / Research,Low,Park
free dynamic captions text style generator,Tool-seeking,Future idea: caption-style-creator,Low,Park
how to style vertical video captions online free,Informational,Unmapped / Research,Low,Park
best font color combinations for shorts captions tool,Commercial research,Unmapped / Research,Medium,Park
free automated short form video caption template builder,Tool-seeking,Future idea: caption-style-creator,Low,Park
how to design high retention text styles for tiktok,Informational,Unmapped / Research,Medium,Park
minimalist caption text formatter for faceless videos,Tool-seeking,Unmapped / Research,Low,Park
free tool to generate neon caption border outlines,Tool-seeking,Unmapped / Research,Low,Park
how to make big bold yellow subtitles for reels,Informational,caption-line-splitter,Low,High
custom font safe zone checker for vertical captions,Tool-seeking,Unmapped / Research,Low,Park
free preset builder for capcut style text layout,Tool-seeking,Unmapped / Research,Low,Park
best dynamic typography style editor for short videos,Commercial research,Unmapped / Research,Medium,Park
free online tool for kinetic text formatting,Tool-seeking,Unmapped / Research,Low,Park
how to align subtitles perfectly in 9:16 videos,Informational,caption-line-splitter,Low,High
free instagram reels aesthetic caption generator tool,Tool-seeking,Unmapped / Research,Low,Park
automated bold font style picker for youtube shorts,Informational,Unmapped / Research,Medium,Park
free tool to match video aesthetic with custom caption styles,Tool-seeking,Future idea: caption-style-creator,Low,Park
how to format dual color subtitles for shorts free,Informational,caption-line-splitter,Low,High
best web tool for creating custom viral text presets,Commercial research,Unmapped / Research,Medium,Park
free shadow and stroke text styling tool for editors,Tool-seeking,Unmapped / Research,Low,Park
minimalist dynamic caption layout planner online,Tool-seeking,Unmapped / Research,Low,Park
free minimalist youtube thumbnail template generator,Tool-seeking,Future idea: thumbnail-template-maker,Medium,Park
how to make a dark mode digital product thumbnail free,Informational,Unmapped / Research,Low,Park
premium clean typography thumbnail builder online,Tool-seeking,Future idea: thumbnail-template-maker,Low,Park
free tool to generate 1280x720 72dpi product thumbnails,Tool-seeking,resolution-checker,Low,High
best free alternative to canva for minimalist thumbnails,Commercial research,Unmapped / Research,Low,Park
how to design a high converting faceless video cover,Informational,Unmapped / Research,Low,Park
free template maker for premium aesthetic video assets,Tool-seeking,Unmapped / Research,Low,Park
automated text layout generator for youtube thumbnails,Tool-seeking,Unmapped / Research,Medium,Park
free online thumbnail builder with navy and black backgrounds,Tool-seeking,Future idea: thumbnail-template-maker,Low,Park
how to structure a 3 element thumbnail layout with ai,Informational,Unmapped / Research,Medium,Park
free minimalist text overlay template for video covers,Tool-seeking,Unmapped / Research,Low,Park
best tool for quick batch generation of video thumbnails,Commercial research,Unmapped / Research,Medium,Park
free tech tutorial thumbnail layout builder,Tool-seeking,Unmapped / Research,Low,Park
how to create premium course thumbnails no graphic design skills,Informational,Unmapped / Research,Medium,Park
free tool for adding clean badges to product thumbnails,Tool-seeking,Unmapped / Research,Low,Park
best online thumbnail editor for modern creators,Commercial research,Unmapped / Research,Low,Park
free dark aesthetic layout generator for video hooks,Tool-seeking,short-form-hook-analyzer,Low,High
how to create high contrast minimalist titles on thumbnails,Informational,Unmapped / Research,Medium,Park
free template tool for 600x600px square gumroad thumbnails,Tool-seeking,gumroad-profit-calculator,Medium,High
clean font selection tool for youtube video thumbnails,Tool-seeking,Unmapped / Research,Medium,Park
free instagram reels safe zone overlay checker tool,Tool-seeking,instagram-reels-safe-zone,Low,High
how to make sure text fits in instagram 4:5 feed view,Informational,Unmapped / Research,Medium,Park
free online 9:16 video safe zone template tool,Tool-seeking,Unmapped / Research,Low,Park
best tool to test if text gets blocked by instagram UI,Commercial research,Unmapped / Research,Medium,Park
instagram profile grid crop previewer online free,Tool-seeking,Unmapped / Research,Low,Park
how to avoid camera buttons blocking subtitles on reels,Informational,caption-line-splitter,Low,High
free visual overlay for checking video safe zones online,Tool-seeking,Unmapped / Research,Low,Park
best minimalist tool to check instagram story margin safety,Commercial research,instagram-reels-safe-zone,Medium,Medium
free tool to check vertical video header and footer safe space,Tool-seeking,Unmapped / Research,Low,Park
how to format captions so they don't clip on instagram mobile,Informational,Unmapped / Research,Medium,Park
free screen overlay tool for video editors testing layouts,Tool-seeking,Unmapped / Research,Low,Park
how to build perfectly centered text for social media feeds,Informational,Unmapped / Research,Low,Park
free interactive grid checker for instagram video posts,Tool-seeking,Unmapped / Research,Low,Park
best free web app for checking vertical video title clipping,Commercial research,Unmapped / Research,Low,Park
free tool to test text positioning for multi platform sharing,Tool-seeking,Unmapped / Research,Low,Park
how to view instagram reels safe zone margins while editing,Informational,instagram-reels-safe-zone,Medium,High
free mobile layout tester for short form content creators,Tool-seeking,Unmapped / Research,Low,Park
best simple tool to preview 1080x1920 video safe borders,Commercial research,Unmapped / Research,Medium,Park
free safe zone tool for checking user comment overlay area,Tool-seeking,Unmapped / Research,Low,Park
how to verify full layout visibility before posting to instagram,Informational,Unmapped / Research,Medium,Park
free placeholder link generator for product launches,Tool-seeking,product-launch-calculator,Low,High
how to create coming soon redirect links online,Informational,Unmapped / Research,Low,Park
best free tool for future link building campaigns,Commercial research,Unmapped / Research,Low,Park
temporary link generator with custom destination free,Tool-seeking,Unmapped / Research,Low,Park
how to set up future destination urls for affiliate links,Informational,Unmapped / Research,Low,Park
free link redirect planner tool for content creators,Tool-seeking,Unmapped / Research,Low,Park
how to pre-program target links for bio pages free,Informational,Unmapped / Research,Low,Park
free minimalist tool to generate future smart links,Tool-seeking,Unmapped / Research,Low,Park
how to map out promotional links before launch date,Informational,Unmapped / Research,Low,Park
free link management utility for faceless tiktok channels,Tool-seeking,Unmapped / Research,Low,Park
best simple tool to generate dynamic target URLs,Commercial research,Unmapped / Research,Medium,Park
free countdown link generator tool online,Tool-seeking,Unmapped / Research,Low,Park
how to change link redirection destinations later free,Informational,Unmapped / Research,Low,Park
free link mapping utility for pre-sale gumroad products,Tool-seeking,gumroad-profit-calculator,Low,High
how to set up smart links for unreleased video assets,Informational,Unmapped / Research,Low,Park
free future link router tool with no subscription,Tool-seeking,Unmapped / Research,Low,Park
best web tool for tracking pending marketing URLs,Commercial research,Unmapped / Research,Medium,Park
minimalist future link structure generator for beginners,Tool-seeking,Unmapped / Research,Low,Park
free digital product revenue calculator online,Tool-seeking,cpm-conversion-pivot,Low,High
how to calculate net profit after stripe and gumroad fees,Informational,gumroad-profit-calculator,Medium,High
hidden platform fees calculator for digital creators free,Tool-seeking,Unmapped / Research,Low,Park
best free tool to analyze creator revenue breakdown,Commercial research,Unmapped / Research,Low,Park
hidden cost estimator for selling notion templates online,Tool-seeking,Unmapped / Research,Low,Park
free web tool for calculating actual course revenue,Tool-seeking,Unmapped / Research,Low,Park
how to track real profit margins for digital products,Informational,product-profit-calculator,Low,High
automated processing fee calculator for global creators,Tool-seeking,Unmapped / Research,Low,Park
free minimal dashboard for estimating creator net worth,Tool-seeking,Unmapped / Research,Low,Park
how to calculate break even points for digital download sales,Informational,product-profit-calculator,Low,High
free monetization simulator tool for email newsletters,Tool-seeking,Unmapped / Research,Low,Park
best simple calculator for cross-border platform fees,Commercial research,Unmapped / Research,Low,Park
free payout estimator for selling pdf playbooks online,Tool-seeking,Unmapped / Research,Low,Park
how to project monthly digital product sales income,Informational,Unmapped / Research,Low,Park
free analytics utility tool for estimating subscription revenue,Tool-seeking,Unmapped / Research,Low,Park
how to figure out true profit margins on $5 digital ideas,Informational,product-profit-calculator,Low,High
free tool to audit payment processing fee losses,Tool-seeking,Unmapped / Research,Low,Park
best minimalist creator financial modeling tool online,Commercial research,Unmapped / Research,Low,Park
free revenue projections builder for automated faceless channels,Tool-seeking,Unmapped / Research,Low,Park
how to track hidden costs in digital asset distribution,Informational,Unmapped / Research,Low,Park
free tiered pricing structure generator for digital products,Tool-seeking,Unmapped / Research,Low,Park
how to design a three tier product offering framework,Informational,Unmapped / Research,Low,Park
good better best pricing tier builder online free,Commercial research,Unmapped / Research,Low,Park
best tool to map out value ladders for digital products,Commercial research,Unmapped / Research,Medium,Park
free interactive template for tiered package design,Tool-seeking,Unmapped / Research,Low,Park
how to structure pricing packages for premium courses,Informational,Unmapped / Research,Low,Park
free checklist tool for cross-selling digital download tiers,Tool-seeking,Unmapped / Research,Low,Park
how to split a notion template into tiered offers,Informational,Unmapped / Research,Low,Park
free framework builder for product pricing layout options,Tool-seeking,Unmapped / Research,Low,Park
best simple tool to organize value features per tier,Commercial research,Unmapped / Research,Medium,Park
free web tool for designing scalable pricing tiers,Tool-seeking,Future idea: product-tier-builder,Low,Park
how to write copy for high converting pricing tiers,Informational,Future idea: product-tier-builder,Low,Park
free template indexer for basic pro elite feature lists,Tool-seeking,Unmapped / Research,Low,Park
how to up-sell an ebook to a video masterclass tier,Informational,Unmapped / Research,Low,Park
free minimalist pricing layout planner for gumroad,Tool-seeking,gumroad-profit-calculator,Low,High
best digital product tiered package layout helper,Commercial research,Future idea: product-tier-builder,Medium,Park
free visual tool to compare different pricing models,Commercial research,Unmapped / Research,Low,Park
how to map feature matrices for subscription tiers free,Informational,Unmapped / Research,Low,Park
automated value distribution calculator for product tiers,Tool-seeking,Future idea: product-tier-builder,Low,Park
free digital product matrix planner for beginners,Tool-seeking,Unmapped / Research,Low,Park
free online tool to structure online course offers,Tool-seeking,Unmapped / Research,Low,Park
how to build an irresistible digital bonus stack,Informational,Unmapped / Research,Low,Park
course offer value calculator tool free,Tool-seeking,Unmapped / Research,Low,Park
best free alternative to expensive offer building frameworks,Commercial research,Unmapped / Research,Low,Park
how to price an online workshop with bonuses,Informational,Unmapped / Research,Low,Park
free interactive tool to evaluate digital offer strength,Tool-seeking,Unmapped / Research,Low,Park
how to format a course sales page offer layout,Informational,Unmapped / Research,Low,Park
free minimalist program package optimizer online,Tool-seeking,Unmapped / Research,Low,Park
how to assign monetary value to digital product bonuses,Informational,Unmapped / Research,Low,Park
free tool to design coaching and community bundle offers,Tool-seeking,Unmapped / Research,Low,Park
best online offer stack builder for email marketers,Commercial research,Unmapped / Research,Low,Park
free tool for auditing low converting course layouts,Tool-seeking,Unmapped / Research,Low,Park
how to design premium cohort masterclass offers free,Informational,Unmapped / Research,Low,Park
free text layout tool for course lesson blueprints,Tool-seeking,Unmapped / Research,Low,Park
how to balance course core content with extra resources,Informational,Unmapped / Research,Low,Park
free conversion rate asset builder for online classes,Tool-seeking,Unmapped / Research,Low,Park
best simple utility to map out educational outcomes,Commercial research,Unmapped / Research,Medium,Park
free digital offer architect software with no signup,Tool-seeking,Unmapped / Research,Low,Park
how to clear up messy product bundles using ai logic,Informational,Unmapped / Research,Medium,Park
minimalist online course package architect tool free,Tool-seeking,Unmapped / Research,Low,Park
free digital product profit margin calculator tool,Tool-seeking,product-profit-calculator,Low,High
how to set profitable prices for automated downloads,Informational,Unmapped / Research,Low,Park
free markup and margin calculator for digital sellers,Tool-seeking,product-profit-calculator,Low,High
best online tool to find digital product break even point,Commercial research,product-profit-calculator,Low,High
free calculator to determine what to charge for an ebook,Informational,pricing-strategy-calculator,Low,High
how to use cost plus pricing for digital product templates,Informational,Unmapped / Research,Low,Park
free web based calculator for targeted profit margins,Tool-seeking,product-profit-calculator,Low,High
how much profit will i make per sale calculator tool,Tool-seeking,Unmapped / Research,Low,Park
free platform fee and margin deduction tool online,Tool-seeking,Unmapped / Research,Low,Park
best simple app for calculating revenue vs expense per download,Commercial research,Unmapped / Research,Medium,Park
free wholesale vs retail digital pricing calculator,Tool-seeking,Unmapped / Research,Low,Park
how to calculate suggested retail price for software tools,Informational,Unmapped / Research,Medium,Park
free minimal product pricing dashboard for freelancers,Tool-seeking,Unmapped / Research,Low,Park
how to avoid underpricing your digital product downloads,Informational,Unmapped / Research,Low,Park
free online calculator for projected annual creator revenue,Tool-seeking,Unmapped / Research,Low,Park
best digital file pricing matrix calculator free,Commercial research,Unmapped / Research,Low,Park
how to calculate profit return on ad spend for digital goods,Informational,paid-traffic-profit-calculator,Low,High
free value based pricing calculator tool for creators,Tool-seeking,pricing-strategy-calculator,Low,High
how to check if a digital file price is too low,Informational,Unmapped / Research,Low,Park
free quick reference calculator for pricing digital guides,Tool-seeking,Unmapped / Research,Low,Park
free digital product hook generator tool online,Tool-seeking,short-form-hook-analyzer,Low,High
how to write attention grabbing hooks for gumroad launches,Informational,gumroad-profit-calculator,Medium,High
best free short form video hooks for selling digital products,Commercial research,short-form-hook-analyzer,Low,High
automated framework for writing product launch hooks,Informational,product-launch-calculator,Low,Medium
free copy paste video hooks for faceless marketing channels,Tool-seeking,short-form-hook-analyzer,Low,High
how to create high retention promo video hooks with ai,Informational,short-form-hook-analyzer,Medium,High
free minimalist text layout tool for social media hooks,Tool-seeking,Unmapped / Research,Low,Park
best viral hook formulas for digital download sales,Commercial research,short-form-hook-analyzer,Medium,Medium
how to frame curiosity hooks for selling notion templates,Informational,short-form-hook-analyzer,Low,High
free online tool for writing objection handling video hooks,Tool-seeking,short-form-hook-analyzer,Low,High
how to hook viewers in the first 3 seconds of a promo short,Informational,Unmapped / Research,Low,Park
free tech tutorial video hook creator tool,Tool-seeking,Unmapped / Research,Low,Park
best simple web app for writing high converting product hooks,Commercial research,Unmapped / Research,Medium,Park
free dynamic headline and hook builder for solo creators,Tool-seeking,Unmapped / Research,Low,Park
how to rewrite boring product descriptions into viral hooks,Informational,short-form-hook-analyzer,Low,High
free headline template maker for online course launches,Tool-seeking,Unmapped / Research,Low,Park
best minimalist tool to structure sales copy hooks,Commercial research,Unmapped / Research,Medium,Park
how to generate automated scroll stopping hooks free,Informational,Unmapped / Research,Low,Park
free e-commerce product hook generator with no signup,Tool-seeking,short-form-hook-analyzer,Low,High
free digital product launch checklist tool online,Tool-seeking,product-launch-calculator,Low,High
how to index launch assets for a digital download release,Informational,Unmapped / Research,Low,Park
best free minimal planner for tracking product launch phases,Commercial research,product-launch-calculator,Low,High
automated sequence manager for launching an online guide,Tool-seeking,Unmapped / Research,Low,Park
free creator dashboard for mapping out product launch steps,Tool-seeking,product-launch-calculator,Low,High
how to structure a 7 day digital product launch campaign,Informational,product-launch-calculator,Medium,High
free web based timeline tool for gumroad sellers,Tool-seeking,gumroad-profit-calculator,Low,High
best simple launch directory tool for standalone digital assets,Commercial research,free-nda-generator,Medium,Medium
how to plan a minimalist launch strategy without heavy software,Informational,Unmapped / Research,Low,Park
free digital playbook launch roadmap template,Tool-seeking,Unmapped / Research,Low,Park
how to organize b-roll scripts and thumbnails for a launch,Informational,Unmapped / Research,Medium,Park
free tool to track promo channels before product goes live,Tool-seeking,Unmapped / Research,Low,Park
best automated asset manager for indie creator launches,Commercial research,Unmapped / Research,Medium,Park
free step by step product launch framework online,Tool-seeking,product-launch-calculator,Low,High
how to structure a pre-sale marketing content timeline free,Informational,Unmapped / Research,Low,Park
free minimal template for managing digital product rollouts,Tool-seeking,Unmapped / Research,Low,Park
best launch day milestone tracking utility for beginners,Commercial research,Unmapped / Research,Medium,Park
how to verify all marketing assets are ready for a product launch,Informational,product-launch-calculator,Low,High
free visual indexer for organizing course launch assets,Tool-seeking,Unmapped / Research,Low,Park
minimalist online database tool for digital product creators,Tool-seeking,Unmapped / Research,Low,Park
free unique value proposition generator for digital products,Tool-seeking,Unmapped / Research,Low,Park
how to find the right marketing angle for an online course,Informational,Unmapped / Research,Low,Park
contrarian style product positioning framework tool free,Tool-seeking,Unmapped / Research,Low,Park
best free app to map out digital product marketing angles,Commercial research,Unmapped / Research,Low,Park
how to position a 5 dollar digital product for scalable income,Informational,Unmapped / Research,Low,Park
free interactive tool to find your content audience angle,Tool-seeking,Unmapped / Research,Low,Park
how to structure a problem agitate solve framework for video promo,Informational,Unmapped / Research,Low,Park
free web tool for brainstorming digital download angles,Tool-seeking,Unmapped / Research,Low,Park
best text layout helper for defining product core benefits,Commercial research,Unmapped / Research,Medium,Park
how to write a compelling transformation story angle for marketing,Informational,Unmapped / Research,Low,Park
free minimalist tool to discover product marketing gaps,Tool-seeking,Unmapped / Research,Low,Park
how to angle a generic notion template so it sells fast,Informational,Unmapped / Research,Low,Park
free copy strategy planner for faceless brand channels,Tool-seeking,Unmapped / Research,Low,Park
best framework to pitch a digital field guide to your email list,Commercial research,Unmapped / Research,Medium,Park
how to analyze customer pain points to create a launch angle,Informational,Future idea: launch-angle-finder,Medium,Park
free case study angle generator for digital creators,Tool-seeking,Unmapped / Research,Low,Park
how to map out an educational vs entertaining sales angle,Informational,Unmapped / Research,Medium,Park
free hook and angle architect online tool with no signup,Tool-seeking,Unmapped / Research,Low,Park
best simple utility for differentiating your online offer,Commercial research,Unmapped / Research,Low,Park
minimalist product narrative positioning engine free,Tool-seeking,Unmapped / Research,Low,Park
free digital product launch email sequence generator,Tool-seeking,product-launch-calculator,Low,High
how to write a 3 part gumroad launch email sequence,Informational,gumroad-profit-calculator,Medium,High
best free tool for writing plain text promotional emails,Commercial research,Unmapped / Research,Low,Park
automated pre-sale email template builder for creators,Informational,Unmapped / Research,Medium,Park
free email swipe copy generator for online courses,Tool-seeking,Unmapped / Research,Low,Park
how to format a high converting digital product announcement email,Informational,Unmapped / Research,Medium,Park
free minimalist text tool for writing sales emails,Tool-seeking,Unmapped / Research,Low,Park
best high urgency cart closing email template online free,Commercial research,Unmapped / Research,Low,Park
how to structure an educational teaser email before launch,Informational,Unmapped / Research,Medium,Park
free tool to generate subject lines for digital downloads,Tool-seeking,Unmapped / Research,Low,Park
best simple copy generator for waitlist email sequences,Commercial research,Unmapped / Research,Low,Park
free email sequence builder for a digital playbook release,Tool-seeking,Unmapped / Research,Low,Park
how to write a value first newsletter pitch with ai free,Informational,Unmapped / Research,Low,Park
free automated follow up email template for online buyers,Tool-seeking,Unmapped / Research,Low,Park
best clean layout tool for formatting promotional newsletters,Commercial research,Unmapped / Research,Medium,Park
free text framework for scarcity based launch emails,Tool-seeking,Unmapped / Research,Low,Park
how to handle product objections in an email campaign tool,Informational,Unmapped / Research,Medium,Park
free copy paste promotional email writer for beginners,Tool-seeking,Unmapped / Research,Low,Park
best minimal tool for generating product discount emails,Commercial research,Unmapped / Research,Medium,Park
free web based utility for structuring solo creator emails,Tool-seeking,Unmapped / Research,Low,Park
free psychological pricing calculator for digital products,Tool-seeking,Unmapped / Research,Low,Park
how to structure an early bird discount strategy online,Informational,Unmapped / Research,Low,Park
free tool to determine the best price for an online guide,Commercial research,Unmapped / Research,Low,Park
best free alternative to complex product pricing software,Commercial research,Unmapped / Research,Low,Park
how to evaluate a tier pricing model for digital downloads,Informational,Unmapped / Research,Low,Park
free interactive tool to check price elasticity for templates,Tool-seeking,Unmapped / Research,Low,Park
how to price an ai video asset package for quick sales,Informational,Unmapped / Research,Medium,Park
free minimalist dashboard for optimizing digital product prices,Tool-seeking,Unmapped / Research,Low,Park
how to implement a value based pricing model for courses,Informational,pricing-strategy-calculator,Low,High
free online calculator for digital asset charm pricing layouts,Tool-seeking,Unmapped / Research,Low,Park
best simple tool to find price point for low ticket products,Commercial research,Unmapped / Research,Medium,Park
free margin optimizer tool for international digital sales,Tool-seeking,Unmapped / Research,Low,Park
how to use anchoring to sell higher priced course tiers,Informational,Unmapped / Research,Low,Park
free web utility for setting multi-currency pricing strategies,Tool-seeking,Unmapped / Research,Low,Park
how to scale a product from five dollars to premium pricing,Informational,Unmapped / Research,Low,Park
free copy layout helper for explaining product price changes,Tool-seeking,Unmapped / Research,Low,Park
best pricing sweet spot finder tool with no sign up,Commercial research,Unmapped / Research,Medium,Park
free online matrix for testing different product cost tiers,Tool-seeking,Unmapped / Research,Low,Park
how to match digital product pricing with target market demand,Informational,Unmapped / Research,Low,Park
free freelancer hourly rate calculator tool online,Tool-seeking,hourly-rate-calculator,Low,High
how to calculate contract rate based on salary,Informational,hourly-rate-calculator,Low,High
best free tool to find your billable hourly rate,Commercial research,hourly-rate-calculator,Low,High
freelance daily rate calculator for creators free,Tool-seeking,hourly-rate-calculator,Low,High
how to figure out freelance markup for business overhead,Informational,Unmapped / Research,Low,Park
free interactive tool to calculate ideal contracting rates,Tool-seeking,Unmapped / Research,Low,Park
how to transition from salary to freelance hourly pricing,Informational,Unmapped / Research,Low,Park
free minimalist dashboard for estimating freelance income,Tool-seeking,Unmapped / Research,Low,Park
how much should i charge per hour freelance calculator,Tool-seeking,Unmapped / Research,Low,Park
free online calculator for digital media contractor rates,Tool-seeking,Unmapped / Research,Low,Park
best simple web app for calculating creative service fees,Commercial research,Unmapped / Research,Medium,Park
free business rate calculation matrix for solo founders,Tool-seeking,Unmapped / Research,Low,Park
how to calculate billable hours vs non billable hours tool,Informational,Unmapped / Research,Low,Park
free consulting fee calculator no sign up required,Tool-seeking,hourly-rate-calculator,Low,High
best way to determine retainer pricing for freelance clients,Informational,Unmapped / Research,Low,Park
free text layout helper for presenting client hourly rates,Tool-seeking,hourly-rate-calculator,Low,High
how to factor self employment tax into your hourly rate,Informational,hourly-rate-calculator,Low,High
free baseline rate calculator for remote graphic designers,Tool-seeking,Unmapped / Research,Low,Park
how to price your freelance services for international clients,Informational,Unmapped / Research,Low,Park
minimalist independent contractor rate setting tool free,Tool-seeking,Unmapped / Research,Low,Park
free project flat fee to hourly rate converter,Tool-seeking,hourly-rate-calculator,Low,High
how to calculate true hourly earnings on fixed price gigs,Informational,Unmapped / Research,Low,Park
free online tool for auditing creative project hours,Tool-seeking,scope-creep-calculator,Low,High
best free app to track project scope creep hourly rate,Commercial research,hourly-rate-calculator,Low,High
how to verify if a flat rate contract is profitable,Informational,Unmapped / Research,Low,Park
free interactive matrix for checking project time vs pay,Tool-seeking,Unmapped / Research,Low,Park
how to reverse engineer project fees into billable hours,Informational,Unmapped / Research,Low,Park
free minimalist hourly breakdown tool for copywriters,Tool-seeking,Unmapped / Research,Low,Park
best simple utility for tracking actual hourly yield on projects,Commercial research,Unmapped / Research,Medium,Park
free tool to calculate earnings per hour for video editors,Tool-seeking,Unmapped / Research,Low,Park
how to avoid underearning on flat rate creative contracts,Informational,Unmapped / Research,Low,Park
free web based calculator for agency hourly rate tracking,Tool-seeking,hourly-rate-calculator,Low,High
how to estimate hourly time blocks for client proposals free,Informational,Unmapped / Research,Low,Park
free value pricing vs hourly rate comparison calculator,Tool-seeking,hourly-rate-calculator,Low,High
best online layout for checking remote work hourly output,Commercial research,Unmapped / Research,Low,Park
free quick reference calculator for freelancer time estimates,Tool-seeking,Unmapped / Research,Low,Park
how to calculate average hourly pay across multiple clients,Informational,Unmapped / Research,Low,Park
free micro business hourly tracking sheet alternative,Commercial research,Unmapped / Research,Low,Park
how to split a project milestones into an hourly budget,Informational,Unmapped / Research,Low,Park
minimalist online hourly yield calculator for beginners,Tool-seeking,Unmapped / Research,Low,Park
free scope creep fee calculator for freelancers,Tool-seeking,scope-creep-calculator,Low,High
how to calculate client out of scope adjustment fees,Informational,Unmapped / Research,Low,Park
best free online tool to estimate project scope creep costs,Commercial research,scope-creep-calculator,Low,High
free text tool for writing scope creep change orders,Tool-seeking,scope-creep-calculator,Low,High
how to handle out of scope requests politely with data,Informational,Unmapped / Research,Low,Park
free visual tool to track unexpected project hour bloat,Tool-seeking,Unmapped / Research,Low,Park
best simple web app for calculating design revision costs,Commercial research,Unmapped / Research,Medium,Park
how to charge clients for extra project meetings free tool,Informational,Unmapped / Research,Low,Park
free scope creep protection calculator for solo agencies,Tool-seeking,scope-creep-calculator,Low,High
how to turn a scope creep request into an upsell opportunity,Informational,scope-creep-calculator,Low,High
free template tool for calculating contract expansion costs,Tool-seeking,Unmapped / Research,Low,Park
best minimalist tool to measure project drift expenses,Commercial research,Unmapped / Research,Medium,Park
free client overage fee estimator tool online,Tool-seeking,Unmapped / Research,Low,Park
how to explain scope creep charges using a simple matrix,Informational,scope-creep-calculator,Medium,High
free online utility for auditing contract boundary violations,Tool-seeking,free-nda-generator,Low,High
how to calculate profit loss from unpaid client revisions,Informational,Unmapped / Research,Medium,Park
free web tool for setting upfront boundary limits on projects,Tool-seeking,free-nda-generator,Low,High
best creative agency scope creep financial damage calculator,Commercial research,scope-creep-calculator,Low,High
minimalist scope creep cost projection engine free,Tool-seeking,scope-creep-calculator,Low,High
free internal business expense and material cost calculator,Tool-seeking,Unmapped / Research,Low,Park
how to calculate cost of goods sold for digital agencies,Informational,Unmapped / Research,Low,Park
free web tool for estimating internal subcontractor margins,Tool-seeking,Unmapped / Research,Low,Park
best free alternative to heavy agency financial software,Commercial research,Unmapped / Research,Low,Park
how to figure out overhead costs per creative project,Informational,Unmapped / Research,Low,Park
free interactive tool to evaluate internal operating margins,Tool-seeking,Unmapped / Research,Low,Park
how to format an internal project budget layout options,Informational,Unmapped / Research,Low,Park
free minimalist dashboard for tracking hardware and software costs,Tool-seeking,Unmapped / Research,Low,Park
how to assign internal asset costs to client projects tool,Informational,Unmapped / Research,Low,Park
free tool to design safe profit buffers for service packages,Tool-seeking,Unmapped / Research,Low,Park
best online calculator for tracking asset distribution overhead,Commercial research,Unmapped / Research,Low,Park
free tool for auditing internal operational business loss,Tool-seeking,Unmapped / Research,Low,Park
how to design premium client offers while covering tech stacks,Informational,Unmapped / Research,Low,Park
free text layout tool for internal business cost auditing,Tool-seeking,Unmapped / Research,Low,Park
how to balance materials cost with creative labor rates,Informational,Unmapped / Research,Low,Park
free conversion protection asset builder for business margins,Tool-seeking,Unmapped / Research,Low,Park
best simple utility to map out internal project resource costs,Commercial research,Unmapped / Research,Medium,Park
free digital general ledger cost estimator with no signup,Tool-seeking,Unmapped / Research,Low,Park
how to clean up messy business expenses using macro calculator,Informational,Unmapped / Research,Low,Park
minimalist operational cost architecture tool free,Tool-seeking,Unmapped / Research,Low,Park
free recurring retainer package optimizer tool,Tool-seeking,Unmapped / Research,Low,Park
how to structure a monthly freelance consulting retainer,Informational,Unmapped / Research,Low,Park
free tool to determine the best price for monthly services,Commercial research,Unmapped / Research,Low,Park
best free app to map out recurring retainer features,Commercial research,Unmapped / Research,Low,Park
how to evaluate a rolling hours vs use it or lose it retainer,Informational,Unmapped / Research,Medium,Park
free interactive tool to check retainer profitability margins,Tool-seeking,Unmapped / Research,Low,Park
how to price an agency maintenance package for quick signups,Informational,Unmapped / Research,Medium,Park
free minimalist dashboard for optimizing retainer contracts,Tool-seeking,Unmapped / Research,Low,Park
how to implement a value based monthly recurring offer,Informational,Unmapped / Research,Low,Park
free online calculator for creative service retainer layouts,Tool-seeking,Unmapped / Research,Low,Park
best simple tool to find price point for ongoing client work,Commercial research,Unmapped / Research,Medium,Park
free margin optimizer tool for recurring international retainers,Tool-seeking,Unmapped / Research,Low,Park
how to use anchoring to sell higher priced monthly service tiers,Informational,Unmapped / Research,Low,Park
free web utility for setting multi client recurring revenue goals,Tool-seeking,Unmapped / Research,Low,Park
how to scale a client from a flat fee to a retainer price,Informational,Unmapped / Research,Medium,Park
free copy layout helper for explaining retainer contract rules,Tool-seeking,Unmapped / Research,Low,Park
best retainer pricing sweet spot finder tool with no sign up,Commercial research,Unmapped / Research,Medium,Park
free online matrix for testing different ongoing service tiers,Tool-seeking,Unmapped / Research,Low,Park
how to match monthly retainer hours with client demand patterns,Informational,Unmapped / Research,Medium,Park
"Assuming you are continuing directly through the rest of your comprehensive site library shown in image_f6ea3e.jpg, we will establish low-competition, long-tail keyword clusters for the next 5 administrative, operational, and performance analytics tools in your queue.",Tool-seeking,Unmapped / Research,Medium,Park
free self employment tax estimator calculator online,Tool-seeking,Unmapped / Research,Low,Park
how to estimate quarterly 1099 taxes free tool,Informational,Unmapped / Research,Low,Park
best free app for calculating freelance tax brackets,Commercial research,Unmapped / Research,Low,Park
schedule c sole proprietor tax estimator online,Tool-seeking,Unmapped / Research,Low,Park
how to calculate estimated write offs for digital creators,Informational,Unmapped / Research,Low,Park
free tax liability simulator for independent contractors,Tool-seeking,Unmapped / Research,Low,Park
how to calculate net business income tax projections free,Informational,Unmapped / Research,Low,Park
free minimalist tax planning dashboard for side hustlers,Tool-seeking,Unmapped / Research,Low,Park
how much should i save for taxes freelance calculator,Tool-seeking,Unmapped / Research,Low,Park
free online tool for predicting annual state and federal tax,Tool-seeking,Unmapped / Research,Low,Park
best simple web utility for calculating digital nomad taxes,Commercial research,Unmapped / Research,Medium,Park
free creator economy tax withholdings calculator,Tool-seeking,Unmapped / Research,Low,Park
how to track quarterly tax payment deadlines with data,Informational,Unmapped / Research,Low,Park
free gross to net freelance income tax tool no signup,Tool-seeking,Unmapped / Research,Low,Park
best way to estimate mileage and home office tax deductions,Informational,Unmapped / Research,Medium,Park
free copy layout framework for explaining tax line items,Tool-seeking,Unmapped / Research,Low,Park
how to calculate estimated business tax without an accountant,Informational,Unmapped / Research,Low,Park
free automated cash flow tax buffer calculator,Tool-seeking,Unmapped / Research,Low,Park
best simple independent operator tax calculator free,Commercial research,Unmapped / Research,Low,Park
minimalist annual business tax liability tool online,Tool-seeking,Unmapped / Research,Low,Park
free non disclosure agreement generator for freelancers,Tool-seeking,free-nda-generator,Low,High
how to write a simple mutual nda online free,Informational,free-nda-generator,Low,High
best free tool to generate a one page nda agreement,Commercial research,free-nda-generator,Low,High
free customizable nda template generator no sign up,Tool-seeking,free-nda-generator,Low,High
how to structure a standard creative project nondisclosure contract,Informational,free-nda-generator,Low,High
free web based utility for signing client ip protection agreements,Tool-seeking,Unmapped / Research,Low,Park
best minimalist nda generator for software development projects,Commercial research,free-nda-generator,Low,High
how to write a basic proprietary data protection contract,Informational,Unmapped / Research,Low,Park
free legal document builder for independent contractors nda,Tool-seeking,free-nda-generator,Low,High
how to define confidential information in a free nda tool,Informational,free-nda-generator,Low,High
free template maker for protecting digital asset ideas,Tool-seeking,Unmapped / Research,Low,Park
best simple app for generating business partnership ndas,Commercial research,free-nda-generator,Medium,Medium
free dynamic nondisclosure agreement writer for solo agencies,Tool-seeking,Unmapped / Research,Low,Park
how to add an expiration clause to a free nda document,Informational,free-nda-generator,Low,High
free headline and body generator for contract confidentiality,Tool-seeking,Unmapped / Research,Low,Park
best minimalist online form for rapid legal nda drafts,Commercial research,free-nda-generator,Low,High
how to auto generate clean plain text nda printouts,Informational,free-nda-generator,Medium,High
free corporate trade secret safety contract builder,Tool-seeking,Unmapped / Research,Low,Park
free independent contractor agreement generator online,Tool-seeking,Unmapped / Research,Low,Park
how to write a compliant 1099 service contract free,Informational,Unmapped / Research,Low,Park
best free tool for building freelance work agreements,Commercial research,Unmapped / Research,Low,Park
free legal layout generator for independent consulting work,Tool-seeking,Unmapped / Research,Low,Park
how to define intellectual property rights in a contractor contract,Informational,Unmapped / Research,Low,Park
free interactive tool to generate custom client terms of service,Tool-seeking,Unmapped / Research,Low,Park
best minimalist independent worker contract template generator,Commercial research,Unmapped / Research,Low,Park
how to write clear payment milestone terms in a free contract,Informational,Unmapped / Research,Low,Park
free digital download contract generator for hiring virtual assistants,Tool-seeking,Unmapped / Research,Low,Park
how to structure a legal termination clause in a freelance agreement,Informational,Unmapped / Research,Low,Park
free web app for formatting standard 1099 business terms,Tool-seeking,free-nda-generator,Low,High
best simple tool to protect creative asset ownership rights,Commercial research,Unmapped / Research,Medium,Park
free line by line contract builder for graphic design clients,Tool-seeking,Unmapped / Research,Low,Park
how to make a professional independent contractor agreement fast,Informational,Unmapped / Research,Low,Park
free plain text code delivery agreement builder,Tool-seeking,Unmapped / Research,Low,Park
best layout helper for mapping out project deliverable deadlines,Commercial research,Unmapped / Research,Medium,Park
free online agreement maker with no recurring subscription cost,Tool-seeking,Unmapped / Research,Low,Park
how to verify legal contract language for freelance work,Informational,Unmapped / Research,Low,Park
minimalist service provider agreement generation tool free,Tool-seeking,Unmapped / Research,Low,Park
free conversion rate optimization calculator online,Tool-seeking,Unmapped / Research,Low,Park
how to calculate a/b test conversion split results,Informational,Unmapped / Research,Low,Park
free landing page conversion lift optimizer tool,Tool-seeking,Unmapped / Research,Low,Park
best free online app for tracking checkout funnel dropoffs,Commercial research,Unmapped / Research,Low,Park
how to measure e-commerce conversion rate improvements,Informational,Unmapped / Research,Low,Park
free interactive tool to track product page click through rates,Tool-seeking,Unmapped / Research,Low,Park
how to fix low low-ticket digital offer conversion rates,Informational,Unmapped / Research,Low,Park
free minimalist dashboard for computing sales page conversions,Tool-seeking,Unmapped / Research,Low,Park
best simple cro tool for monitoring user signup percentages,Commercial research,Unmapped / Research,Medium,Park
free calculation utility for calculating average revenue per visitor,Tool-seeking,Unmapped / Research,Low,Park
how to check if a landing page bounce rate hurts conversions,Informational,Unmapped / Research,Low,Park
free web based calculator for estimating total lead conversion metrics,Tool-seeking,Unmapped / Research,Low,Park
how to project sales increases based on tiny conversion optimization adjustments,Informational,Unmapped / Research,Low,Park
free conversion funnel audit tool with no signup required,Tool-seeking,Unmapped / Research,Low,Park
best simple matrix for checking user cart abandonment data,Commercial research,Unmapped / Research,Medium,Park
free conversion calculation software for indie hackers,Tool-seeking,Unmapped / Research,Low,Park
how to turn web traffic metrics into actionable cro experiments,Informational,Unmapped / Research,Low,Park
free macro tool for calculating mobile conversion optimization data,Tool-seeking,Unmapped / Research,Low,Park
best digital sales page conversion velocity calculator free,Commercial research,Unmapped / Research,Low,Park
minimalist landing page metric analyzer tool for solo founders,Tool-seeking,Unmapped / Research,Low,Park
free minimalist professional invoice generator tool,Tool-seeking,free-invoice-generator,Low,High
how to create a clean business invoice layout online,Informational,free-invoice-generator,Low,High
best free web app for generating itemized client invoices,Commercial research,free-invoice-generator,Low,High
automated framework for writing professional freelance invoices,Tool-seeking,Unmapped / Research,Low,Park
free copy paste plain text invoice templates for consultants,Tool-seeking,Unmapped / Research,Low,Park
how to structure a modern dark mode digital invoice,Informational,Unmapped / Research,Low,Park
free custom line item builder for consulting invoices,Tool-seeking,Unmapped / Research,Low,Park
best billing invoice layout generator for remote work,Commercial research,free-invoice-generator,Low,High
how to frame late fee policy wording on a standard invoice,Informational,late-fee-calculator,Low,High
free online invoice maker with automatic tax line addition,Tool-seeking,free-invoice-generator,Low,High
how to itemize b-roll editing hours inside a free invoice tool,Informational,Unmapped / Research,Low,Park
free professional billing document tool for agency owners,Tool-seeking,Unmapped / Research,Low,Park
best simple web app for writing high converting invoice reminders,Commercial research,Unmapped / Research,Medium,Park
free dynamic tax id and banking detail field invoice builder,Tool-seeking,Unmapped / Research,Low,Park
how to rewrite messy project milestones into neat line item bills,Informational,Unmapped / Research,Low,Park
free template maker for sending recurring service retainers,Tool-seeking,Unmapped / Research,Low,Park
best minimalist tool to structure professional corporate invoicing,Commercial research,Unmapped / Research,Medium,Park
how to generate automated receipt layouts for client payments,Informational,Unmapped / Research,Low,Park
free e-commerce and creative professional invoice generator with no signup,Tool-seeking,free-invoice-generator,Low,High
free multi platform social media banner preview tool,Tool-seeking,Unmapped / Research,Low,Park
how to check youtube banner safe zone online free,Informational,Future idea: social-media-banner-safe-zone-mockup,Low,Park
twitter profile banner mockup tool no signup,Tool-seeking,Future idea: social-media-banner-safe-zone-mockup,Low,Park
best free online tool to check linkedin header safe zones,Commercial research,Future idea: social-media-banner-safe-zone-mockup,Medium,Park
youtube channel art device visibility simulator free,Tool-seeking,Unmapped / Research,Low,Park
how to preview a youtube banner on desktop mobile and tv,Informational,Future idea: social-media-banner-safe-zone-mockup,Medium,Park
free side by side social media profile previewer,Tool-seeking,Unmapped / Research,Low,Park
automated banner feed crop simulator online,Tool-seeking,Unmapped / Research,Low,Park
how to check if banner text is centered for mobile ui,Informational,Unmapped / Research,Low,Park
free gumroad store banner preview mockup tool,Tool-seeking,gumroad-profit-calculator,Low,High
best online layout tester for short form brand headers,Commercial research,Unmapped / Research,Low,Park
free banner design visual tester for dark mode profiles,Tool-seeking,Unmapped / Research,Low,Park
how to preview clickable bio page graphics before uploading,Informational,Unmapped / Research,Low,Park
free multi device channel header mockup generator,Tool-seeking,Unmapped / Research,Low,Park
check profile banner composition tool online free,Tool-seeking,Future idea: social-media-banner-safe-zone-mockup,Low,Park
free test site to upload and preview channel art,Tool-seeking,Unmapped / Research,Low,Park
how to optimize horizontal banner framing with online grids,Informational,Unmapped / Research,Low,Park
best free visual tool for testing youtube banner viewable area,Commercial research,Future idea: social-media-banner-safe-zone-mockup,Medium,Park
online profile header overlay checker for mobile ui elements,Tool-seeking,Unmapped / Research,Low,Park
free tool to simulate competitor profile header layouts,Tool-seeking,Unmapped / Research,Low,Park
free minimalist notion template cover generator,Tool-seeking,Future idea: notion-cover-generator,Low,Park
how to design a dark mode notion cover free,Informational,Future idea: notion-cover-generator,Low,Park
premium clean typography notion header builder online,Tool-seeking,Unmapped / Research,Low,Park
free tool to generate 1500x300 minimalist asset covers,Tool-seeking,Unmapped / Research,Low,Park
best free alternative to canva for notion template headers,Commercial research,Unmapped / Research,Low,Park
how to design a high converting workspace thumbnail,Informational,Unmapped / Research,Medium,Park
free template maker for premium aesthetic notion assets,Tool-seeking,Unmapped / Research,Low,Park
automated text layout generator for notion page headers,Tool-seeking,Unmapped / Research,Low,Park
free online cover builder with navy and black backgrounds,Tool-seeking,Unmapped / Research,Low,Park
how to structure a 2 element notion banner layout,Informational,Unmapped / Research,Low,Park
free minimalist text overlay template for workspace covers,Tool-seeking,Unmapped / Research,Low,Park
best tool for quick batch generation of gallery thumbnails,Commercial research,Unmapped / Research,Medium,Park
free aesthetic dashboard header layout builder,Tool-seeking,Unmapped / Research,Low,Park
how to create premium dashboard covers no design skills,Informational,Unmapped / Research,Low,Park
free tool for adding clean badges to notion product covers,Tool-seeking,Unmapped / Research,Low,Park
best online cover editor for modern workspace creators,Commercial research,Unmapped / Research,Low,Park
free dark aesthetic layout generator for database headings,Tool-seeking,Unmapped / Research,Low,Park
how to create high contrast minimalist titles on notion covers,Informational,Future idea: notion-cover-generator,Low,Park
free template tool for matching notion icon and cover aesthetics,Tool-seeking,Unmapped / Research,Low,Park
clean font selection tool for workspace header layouts,Tool-seeking,Unmapped / Research,Low,Park
free lead magnet conversion rate calculator online,Tool-seeking,lead-magnet-estimator,Low,High
how to calculate opt in page conversion split results,Informational,Unmapped / Research,Low,Park
free freebie download conversion lift optimizer tool,Tool-seeking,Unmapped / Research,Low,Park
best free online app for tracking newsletter signup dropoffs,Commercial research,Unmapped / Research,Low,Park
how to measure squeeze page conversion rate improvements,Informational,Unmapped / Research,Low,Park
free interactive tool to track opt in page click through rates,Tool-seeking,Unmapped / Research,Low,Park
how to fix low freebie offer conversion rates,Informational,Unmapped / Research,Low,Park
free minimalist dashboard for computing email list conversions,Tool-seeking,Unmapped / Research,Low,Park
best simple cro tool for monitoring free download percentages,Commercial research,Unmapped / Research,Low,Park
free calculation utility for calculating average traffic per subscriber,Tool-seeking,Unmapped / Research,Low,Park
how to check if a landing page bounce rate hurts email signups,Informational,Unmapped / Research,Medium,Park
free web based calculator for estimating total lead generation metrics,Tool-seeking,Unmapped / Research,Low,Park
how to project list growth based on tiny conversion optimization adjustments,Informational,lead-magnet-estimator,Low,High
free signup funnel audit tool with no signup required,Tool-seeking,Unmapped / Research,Low,Park
best simple matrix for checking lead magnet download data,Commercial research,lead-magnet-estimator,Medium,Medium
free conversion calculation software for newsletter operators,Tool-seeking,Unmapped / Research,Low,Park
how to turn web traffic metrics into actionable freebie experiments,Informational,Unmapped / Research,Low,Park
free macro tool for calculating mobile landing page signups,Tool-seeking,Unmapped / Research,Low,Park
best digital squeeze page conversion velocity calculator free,Commercial research,Unmapped / Research,Low,Park
minimalist opt in page metric analyzer tool for solo founders,Tool-seeking,Unmapped / Research,Low,Park
free browser based plain text to markdown converter,Tool-seeking,Unmapped / Research,Low,Park
how to format raw text into markdown online free,Informational,Unmapped / Research,Low,Park
best free tool to generate copy paste markdown files,Commercial research,Unmapped / Research,Low,Park
free customizable rich text to .md generator no sign up,Tool-seeking,Unmapped / Research,Low,Park
how to structure a standard video script into markdown syntax,Informational,free-nda-generator,Low,High
free web based utility for cleaning up messy plain text headings,Tool-seeking,Unmapped / Research,Low,Park
best minimalist text formatter for notion documentation,Commercial research,Unmapped / Research,Low,Park
how to write basic readme files with a free text converter,Informational,Unmapped / Research,Low,Park
free script formatting document builder for creators,Tool-seeking,Unmapped / Research,Low,Park
how to format bulleted lists in a free text to markdown tool,Informational,Unmapped / Research,Low,Park
free template maker for converting documents to syntax code,Tool-seeking,Unmapped / Research,Low,Park
best simple app for rapid plain text text styling tags,Commercial research,Unmapped / Research,Medium,Park
free dynamic markup script writer for content developers,Tool-seeking,Unmapped / Research,Low,Park
how to add code block syntax to text using free web tools,Informational,Unmapped / Research,Low,Park
free heading and bold tag generator for video outlines,Tool-seeking,Unmapped / Research,Low,Park
best minimalist online form for rapid markdown drafts,Commercial research,Unmapped / Research,Low,Park
how to auto generate clean rich text markdown downloads,Informational,Unmapped / Research,Low,Park
free copy paste markdown formatting engine for beginners,Tool-seeking,Unmapped / Research,Low,Park
free online 9:16 aspect ratio grid overlay tool,Tool-seeking,resolution-checker,Low,High
how to check vertical video crop boundaries online,Informational,free-nda-generator,Low,High
tiktok aspect ratio guidelines safe zone tool free,Tool-seeking,resolution-checker,Low,High
best free online tool to overlay mobile video guides,Commercial research,Unmapped / Research,Low,Park
youtube shorts frame grid simulator free no sign up,Tool-seeking,Unmapped / Research,Low,Park
how to preview 1080x1920 video framing on mobile viewport,Informational,Unmapped / Research,Low,Park
free side by side vertical video composition checker,Tool-seeking,Unmapped / Research,Low,Park
automated 9:16 mobile display crop checker online,Tool-seeking,Unmapped / Research,Low,Park
how to check if video center framing avoids clipping,Informational,Unmapped / Research,Low,Park
free instagram reels aspect ratio reference tool,Tool-seeking,resolution-checker,Low,High
best online alignment checker for short form layouts,Commercial research,Unmapped / Research,Low,Park
free crop indicator tool for dark aesthetic videos,Tool-seeking,Unmapped / Research,Low,Park
how to check vertical video asset dimensions before exporting,Informational,Unmapped / Research,Low,Park
free multi platform mobile aspect ratio grid mockup,Tool-seeking,resolution-checker,Low,High
check vertical framing safety tool online no signup,Tool-seeking,Unmapped / Research,Low,Park
free test site to drop and verify video dimensions,Tool-seeking,Unmapped / Research,Low,Park
how to optimize phone video composition with online tools,Informational,Unmapped / Research,Low,Park
best free visual tool for testing short form margin safety,Commercial research,Unmapped / Research,Low,Park
online vertical video bounding box tool for editors,Tool-seeking,Unmapped / Research,Low,Park
free tool to simulate mobile phone frame aspect restrictions,Tool-seeking,Unmapped / Research,Low,Park
"With the 35 custom tools mapped out so far, we have covered all of the active tool grids on your layout in image_f6ea3e.jpg.",Tool-seeking,Unmapped / Research,Low,Park
"To wrap up your site's entire architecture, we will dedicate the final 5 keyword cluster sets to the specialized digital product resources, frameworks, and guide templates that you feature at the bottom of your landing page—including your premium core offers and specific playbooks. This ensures your high-intent traffic filters perfectly down into your monetization funnel.",Informational,Unmapped / Research,Low,Park
free 50 hooks for ai videos template download,Tool-seeking,Unmapped / Research,Low,Park
how to write viral hooks for faceless tiktok shorts,Informational,short-form-hook-analyzer,Medium,High
best free short form video hooks generator for beginners,Commercial research,short-form-hook-analyzer,Low,High
copy paste curiosity hooks for automated youtube channels,Informational,short-form-hook-analyzer,Medium,Medium
free high retention text hooks for vertical ai videos,Tool-seeking,Unmapped / Research,Low,Park
how to hook faceless video viewers in 3 seconds,Informational,Unmapped / Research,Low,Park
automated viral video scripts hook generator free,Tool-seeking,short-form-hook-analyzer,Low,High
free retention based hook formulas for vertical reels,Tool-seeking,Unmapped / Research,Low,Park
best minimal text templates for video hooks download,Commercial research,short-form-hook-analyzer,Medium,Medium
how to use psychological hooks in faceless content creation,Informational,Unmapped / Research,Low,Park
free content visibility hooks list for digital marketers,Tool-seeking,Unmapped / Research,Low,Park
ai script writing hook templates with high conversion,Informational,Unmapped / Research,Medium,Park
free dynamic subtitle hook ideas for capcut editing,Tool-seeking,Unmapped / Research,Low,Park
how to script an opening hook for a faceless video essay,Informational,Unmapped / Research,Low,Park
best short video hook generator no sign up online,Commercial research,short-form-hook-analyzer,Low,High
free prompt templates for generating high engagement hooks,Tool-seeking,Unmapped / Research,Low,Park
how to fix low viewer retention with scroll stopping hooks,Informational,Unmapped / Research,Low,Park
free copy layout helper for vertical cash cow channels,Tool-seeking,Unmapped / Research,Low,Park
best short form marketing strategy hook index free,Commercial research,Unmapped / Research,Low,Park
free ai traffic playbook from 0 to first views,Tool-seeking,Unmapped / Research,Low,Park
how to get your first views on an automated channel,Informational,Unmapped / Research,Low,Park
best free traffic strategy for new faceless creators,Commercial research,Unmapped / Research,Low,Park
free download content visibility playbook for solo founders,Tool-seeking,Unmapped / Research,Low,Park
how to trigger the tiktok and short algorithm from scratch,Informational,Unmapped / Research,Medium,Park
free traffic generation framework for digital product sellers,Tool-seeking,Unmapped / Research,Low,Park
best minimalist strategy guide for scaling zero view accounts,Commercial research,Unmapped / Research,Medium,Park
how to map out an organic traffic pipeline with ai tools,Informational,Unmapped / Research,Medium,Park
free digital product distribution traffic matrix online,Tool-seeking,Unmapped / Research,Low,Park
how to get consistent search traffic for online download stores,Informational,Unmapped / Research,Low,Park
free niche market demand blueprint for short form videos,Tool-seeking,Unmapped / Research,Low,Park
best marketing playbook for scaling gumroad products organically,Commercial research,gumroad-profit-calculator,Medium,Medium
how to turn initial video views into digital store sales,Informational,Unmapped / Research,Low,Park
free traffic optimization guide for faceless brand networks,Tool-seeking,Unmapped / Research,Low,Park
how to validate market demand before building content blueprints,Informational,Unmapped / Research,Low,Park
free automated account growth strategy framework pdf,Tool-seeking,Unmapped / Research,Low,Park
best video pacing rules for scaling initial channel reach,Commercial research,Unmapped / Research,Medium,Park
how to get first views on youtube shorts with zero subscribers,Informational,Unmapped / Research,Medium,Park
minimalist audience traffic engineering playbook free download,Tool-seeking,Unmapped / Research,Low,Park
free digital product platform field guide download,Tool-seeking,Unmapped / Research,Low,Park
how to choose the best platform for selling digital assets,Informational,Unmapped / Research,Medium,Park
contrarian guide to hosting digital products for free,Tool-seeking,Unmapped / Research,Low,Park
best alternative to high monthly fee course platforms,Commercial research,Unmapped / Research,Medium,Park
free manual layout template for choosing digital marketplaces,Tool-seeking,Unmapped / Research,Low,Park
how to evaluate gumroad vs competitive creator platforms,Informational,gumroad-profit-calculator,Medium,High
free independent publisher field guide for digital downloads,Tool-seeking,Unmapped / Research,Low,Park
best minimal software stack for low ticket digital products,Commercial research,Unmapped / Research,Medium,Park
how to set up a scalable income platform with zero overhead,Informational,Unmapped / Research,Low,Park
free comparative matrix for online handbook distribution,Tool-seeking,Unmapped / Research,Low,Park
how to build a five dollar digital idea into scalable income,Informational,Unmapped / Research,Low,Park
free platform selector checklist for global digital sellers,Tool-seeking,Unmapped / Research,Low,Park
best minimal aesthetic host for notion templates and pdfs,Commercial research,Unmapped / Research,Medium,Park
how to navigate payment processing setup on digital platforms,Informational,Unmapped / Research,Low,Park
free asset delivery framework guide for solo builders,Tool-seeking,Unmapped / Research,Low,Park
how to select the right ecommerce platform for text playbooks,Informational,Unmapped / Research,Low,Park
free blueprint for launching a digital product storefront,Tool-seeking,Unmapped / Research,Low,Park
best independent merchant field guide with no recurring costs,Commercial research,Unmapped / Research,Medium,Park
how to bypass expensive website builders using free hosting storefronts,Informational,Unmapped / Research,Low,Park
free content growth framework audit tool online,Tool-seeking,Unmapped / Research,Low,Park
how to build an irresistible lead magnet funnel for free,Informational,lead-magnet-estimator,Low,High
best high converting newsletter sign up frameworks tool,Commercial research,Unmapped / Research,Medium,Park
automated framework builder for matching free tools to premium offers,Tool-seeking,Unmapped / Research,Low,Park
free email capture optimization template for content creators,Tool-seeking,Unmapped / Research,Low,Park
how to structure a complete content growth system with data,Informational,Unmapped / Research,Low,Park
free interactive tool to evaluate landing page sign up metrics,Tool-seeking,Unmapped / Research,Low,Park
best minimalist lead magnet funnel audit for solo operators,Commercial research,lead-magnet-estimator,Medium,Medium
how to connect utility tools directly to an email waitlist,Informational,Unmapped / Research,Medium,Park
free lead conversion acceleration grid tool online,Tool-seeking,Unmapped / Research,Low,Park
how to optimize a dark mode newsletter landing page layout,Informational,Unmapped / Research,Low,Park
free tool to spot friction points in digital product funnels,Tool-seeking,Unmapped / Research,Low,Park
best system to transition free tool users into premium buyers,Commercial research,Unmapped / Research,Low,Park
free analytical blueprint for audience collection systems,Tool-seeking,Unmapped / Research,Low,Park
how to structure premium content backend upsells free,Informational,Unmapped / Research,Low,Park
free lead flow calculation and optimization generator tool,Tool-seeking,Unmapped / Research,Low,Park
best strategy for scaling free value into a subscription base,Commercial research,Unmapped / Research,Low,Park
free growth framework checklist with no signup required,Tool-seeking,Unmapped / Research,Low,Park
how to engineer a high retention lead funnel for cash labs,Informational,Unmapped / Research,Low,Park
minimalist online conversion optimizer framework free,Tool-seeking,Unmapped / Research,Low,Park
free digital product cover technical specification checker,Tool-seeking,resolution-checker,Low,High
how to size a gumroad product cover 1280x720 at 72 dpi,Informational,resolution-checker,Medium,High
free specs tool for 600x600px square digital thumbnails,Tool-seeking,Unmapped / Research,Low,Park
best resolution dimensions checker for premium brand assets,Commercial research,resolution-checker,Low,High
youtube banner viewable area layout tool 2048x1152,Tool-seeking,Future idea: social-media-banner-safe-zone-mockup,Medium,Park
free asset dimension calculator for multi device display safety,Tool-seeking,Unmapped / Research,Low,Park
how to format a dark mode profile asset with minimal typography,Informational,Unmapped / Research,Low,Park
free technical template directory for short form video creators,Tool-seeking,Unmapped / Research,Low,Park
best crisp dpi setting for digital store banners online,Commercial research,resolution-checker,Low,High
free layout constraint reference guide for vertical video covers,Tool-seeking,Unmapped / Research,Low,Park
how to avoid blurry image compression on profile platforms,Informational,resolution-checker,Low,High
free pixel dimension asset scaling checklist tool,Tool-seeking,resolution-checker,Low,High
best standard specs layout for horizontal product cover imagery,Commercial research,free-nda-generator,Medium,Medium
free tool to match image aspect ratios with platform rules,Tool-seeking,resolution-checker,Low,High
how to design 2-3 accent color branding banners with precise pixels,Informational,Unmapped / Research,Low,Park
free resolution constraint engine for independent asset builders,Tool-seeking,resolution-checker,Low,High
how to calibrate safe viewing margins for centered channel logo art,Informational,Unmapped / Research,Low,Park
free canvas sizing tool for premium handbook designs,Tool-seeking,Unmapped / Research,Low,Park
best simple dpi and pixel conversion reference chart online,Commercial research,resolution-checker,Low,High
minimalist technical image specification blueprint engine free,Tool-seeking,Unmapped / Research,Low,Park
